000002b66c9c498e,/m/014sv8
000002b66c9c498e,/m/01bl7v
000002b66c9c498e,/m/01d40f
000002b66c9c498e,/m/01g317
000002b66c9c498e,/m/01mzpv
000002b66c9c498e,/m/0270h
000002b66c9c498e,/m/0271t
000002b66c9c498e,/m/0283dt1
000002b66c9c498e,/m/0284d
000002b66c9c498e,/m/02p0tk3
000002b66c9c498e,/m/02wbm
000002b66c9c498e,/m/039xj_
000002b66c9c498e,/m/03bt1vf
000002b66c9c498e,/m/03q69
000002b66c9c498e,/m/04bcr3
000002b66c9c498e,/m/04brg2
000002b66c9c498e,/m/04hgtk
000002b66c9c498e,/m/04yx4
000002b66c9c498e,/m/052lwg6
000002b66c9c498e,/m/05r655
000002b66c9c498e,/m/09j2d
000002b66c9c498e,/m/0c9ph5
000002b66c9c498e,/m/0c_jw
000002b66c9c498e,/m/0dzct
000002b66c9c498e,/m/0dzf4
000002b66c9c498e,/m/0fszt
000002b66c9c498e,/m/0hnyx
000002b66c9c498e,/m/0k0pj
000002b66c9c498e,/m/0k65p
000002b97e5471a0,/m/033rq4
000002b97e5471a0,/m/0cgh4
000002b97e5471a0,/m/0d4v4
000002c707c9895e,/m/014sv8
000002c707c9895e,/m/015h_t
000002c707c9895e,/m/01g317
000002c707c9895e,/m/02dl1y
000002c707c9895e,/m/02h19r
000002c707c9895e,/m/02p0tk3
000002c707c9895e,/m/035r7c
000002c707c9895e,/m/039xj_
000002c707c9895e,/m/03bt1vf
000002c707c9895e,/m/03q69
000002c707c9895e,/m/04hgtk
000002c707c9895e,/m/04rky
000002c707c9895e,/m/04yx4
000002c707c9895e,/m/05r655
000002c707c9895e,/m/09j2d
000002c707c9895e,/m/0dzct
000002c707c9895e,/m/0dzf4
000002c707c9895e,/m/0k0pj
000002c707c9895e,/m/0k65p
0000048549557964,/m/01jfm_
0000048549557964,/m/01prls
0000048549557964,/m/05s2s
0000048549557964,/m/07j7r
0000048549557964,/m/07yv9
0000048549557964,/m/083wq
0000048549557964,/m/0cgh4
0000048549557964,/m/0d4v4
0000048549557964,/m/0h9mv
0000048549557964,/m/0k4j
0000048549557964,/m/0pg52
000004f4400f6ec5,/m/014sv8
000004f4400f6ec5,/m/01g317
000004f4400f6ec5,/m/01n4qj
000004f4400f6ec5,/m/0283dt1
000004f4400f6ec5,/m/032b3c
000004f4400f6ec5,/m/039xj_
000004f4400f6ec5,/m/03q69
000004f4400f6ec5,/m/04hgtk
000004f4400f6ec5,/m/04rky
000004f4400f6ec5,/m/04yx4
000004f4400f6ec5,/m/09j2d
000004f4400f6ec5,/m/0cgh4
000004f4400f6ec5,/m/0dzct
000004f4400f6ec5,/m/0dzf4
000004f4400f6ec5,/m/0gjkl
000004f4400f6ec5,/m/0jyfg
000004f4400f6ec5,/m/0k0pj
000004f4400f6ec5,/m/0k65p
0000071d71a0a6f6,/m/014sv8
0000071d71a0a6f6,/m/01g317
0000071d71a0a6f6,/m/01n4qj
0000071d71a0a6f6,/m/01rkbr
0000071d71a0a6f6,/m/01xygc
0000071d71a0a6f6,/m/01xyhv
0000071d71a0a6f6,/m/0283dt1
0000071d71a0a6f6,/m/02p0tk3
0000071d71a0a6f6,/m/039xj_
0000071d71a0a6f6,/m/03bt1vf
0000071d71a0a6f6,/m/03q69
0000071d71a0a6f6,/m/04hgtk
0000071d71a0a6f6,/m/04rky
0000071d71a0a6f6,/m/04yx4
0000071d71a0a6f6,/m/09j2d
0000071d71a0a6f6,/m/0c9ph5
0000071d71a0a6f6,/m/0dzct
0000071d71a0a6f6,/m/0dzf4
0000071d71a0a6f6,/m/0gjkl
0000071d71a0a6f6,/m/0hg7b
0000071d71a0a6f6,/m/0jyfg
0000071d71a0a6f6,/m/0k65p
000013ba71c12506,/m/05s2s
000013ba71c12506,/m/07j7r
000013ba71c12506,/m/0d4v4
000018acd19b4ad3,/m/014sv8
000018acd19b4ad3,/m/015h_t
000018acd19b4ad3,/m/01yx86
000018acd19b4ad3,/m/03q69
000018acd19b4ad3,/m/04hgtk
000018acd19b4ad3,/m/06msq
000018acd19b4ad3,/m/0dzct
000018acd19b4ad3,/m/0jbk
000018acd19b4ad3,/m/0k0pj
000018acd19b4ad3,/m/0k65p
00001bc2c4027449,/m/019jd
00001bc2c4027449,/m/01g317
00001bc2c4027449,/m/01rzcn
00001bc2c4027449,/m/02p0tk3
00001bc2c4027449,/m/033rq4
00001bc2c4027449,/m/07yv9
00001bcc92282a38,/m/014sv8
00001bcc92282a38,/m/01g317
00001bcc92282a38,/m/0283dt1
00001bcc92282a38,/m/039xj_
00001bcc92282a38,/m/03q69
00001bcc92282a38,/m/04hgtk
00001bcc92282a38,/m/04yx4
00001bcc92282a38,/m/06nrc
00001bcc92282a38,/m/083kb
00001bcc92282a38,/m/09j2d
00001bcc92282a38,/m/0dzct
00001bcc92282a38,/m/0dzf4
00001bcc92282a38,/m/0k0pj
00001bcc92282a38,/m/0k65p
00001bcc92282a38,/m/0zvk5
0000201cd362f303,/m/014sv8
0000201cd362f303,/m/015h_t
0000201cd362f303,/m/017ftj
0000201cd362f303,/m/01g317
0000201cd362f303,/m/026t6
0000201cd362f303,/m/0283dt1
0000201cd362f303,/m/02_n6y
0000201cd362f303,/m/02p0tk3
0000201cd362f303,/m/0342h
0000201cd362f303,/m/035r7c
0000201cd362f303,/m/039xj_
0000201cd362f303,/m/03bt1vf
0000201cd362f303,/m/03q69
0000201cd362f303,/m/04hgtk
0000201cd362f303,/m/04rky
0000201cd362f303,/m/04szw
0000201cd362f303,/m/04yx4
0000201cd362f303,/m/050k8
0000201cd362f303,/m/057cc
0000201cd362f303,/m/05r655
0000201cd362f303,/m/09j2d
0000201cd362f303,/m/09j5n
0000201cd362f303,/m/0dzct
0000201cd362f303,/m/0dzf4
0000201cd362f303,/m/0fly7
0000201cd362f303,/m/0hg7b
0000201cd362f303,/m/0k0pj
0000201cd362f303,/m/0k65p
000020780ccee28d,/m/011q46kg
000020780ccee28d,/m/014sv8
000020780ccee28d,/m/01bl7v
000020780ccee28d,/m/01g317
000020780ccee28d,/m/01yrx
000020780ccee28d,/m/02p0tk3
000020780ccee28d,/m/02wbm
000020780ccee28d,/m/039xj_
000020780ccee28d,/m/03_wxk
000020780ccee28d,/m/03hlz0c
000020780ccee28d,/m/03q5c7
000020780ccee28d,/m/03q69
000020780ccee28d,/m/03rszm
000020780ccee28d,/m/04bcr3
000020780ccee28d,/m/04brg2
000020780ccee28d,/m/04hgtk
000020780ccee28d,/m/04rky
000020780ccee28d,/m/04yx4
000020780ccee28d,/m/099ssp
000020780ccee28d,/m/09j2d
000020780ccee28d,/m/0c_jw
000020780ccee28d,/m/0cgh4
000020780ccee28d,/m/0dtln
000020780ccee28d,/m/0dzct
000020780ccee28d,/m/0dzf4
000020780ccee28d,/m/0jbk
000020780ccee28d,/m/0k0pj
000020780ccee28d,/m/0k65p
000023aa04ab09ed,/m/014sv8
000023aa04ab09ed,/m/0174n1
000023aa04ab09ed,/m/01940j
000023aa04ab09ed,/m/01bfm9
000023aa04ab09ed,/m/01bl7v
000023aa04ab09ed,/m/01g317
000023aa04ab09ed,/m/01prls
000023aa04ab09ed,/m/0283dt1
000023aa04ab09ed,/m/02_n6y
000023aa04ab09ed,/m/02p0tk3
000023aa04ab09ed,/m/03120
000023aa04ab09ed,/m/031n1
000023aa04ab09ed,/m/035r7c
000023aa04ab09ed,/m/03q69
000023aa04ab09ed,/m/04hgtk
000023aa04ab09ed,/m/04yx4
000023aa04ab09ed,/m/07yv9
000023aa04ab09ed,/m/083wq
000023aa04ab09ed,/m/09j2d
000023aa04ab09ed,/m/09j5n
000023aa04ab09ed,/m/0dzct
000023aa04ab09ed,/m/0h9mv
000023aa04ab09ed,/m/0hf58v5
000023aa04ab09ed,/m/0k0pj
000023aa04ab09ed,/m/0k65p
000023aa04ab09ed,/m/0zvk5
0000253ea4ecbf19,/m/01lrl
0000253ea4ecbf19,/m/035r7c
0000253ea4ecbf19,/m/04rky
0000253ea4ecbf19,/m/05s2s
0000253ea4ecbf19,/m/07j7r
0000253ea4ecbf19,/m/0dzct
0000253ea4ecbf19,/m/0jbk
000025ea48cab6fc,/m/01d40f
000025ea48cab6fc,/m/01g317
000025ea48cab6fc,/m/02p0tk3
000025ea48cab6fc,/m/032b3c
000025ea48cab6fc,/m/035r7c
000025ea48cab6fc,/m/04hgtk
000025ea48cab6fc,/m/04rky
000025ea48cab6fc,/m/04yx4
000025ea48cab6fc,/m/07mhn
000025ea48cab6fc,/m/09j2d
000025ea48cab6fc,/m/09j5n
000025ea48cab6fc,/m/0dzct
0000271195f2c007,/m/014sv8
0000271195f2c007,/m/01b7fy
0000271195f2c007,/m/01bl7v
0000271195f2c007,/m/01g317
0000271195f2c007,/m/0283dt1
0000271195f2c007,/m/039xj_
0000271195f2c007,/m/03q69
0000271195f2c007,/m/04hgtk
0000271195f2c007,/m/04yx4
0000271195f2c007,/m/09j2d
0000271195f2c007,/m/0dzct
0000271195f2c007,/m/0k0pj
0000286a5c6a3eb5,/m/014sv8
0000286a5c6a3eb5,/m/017ftj
0000286a5c6a3eb5,/m/01bfm9
0000286a5c6a3eb5,/m/01g317
0000286a5c6a3eb5,/m/0283dt1
0000286a5c6a3eb5,/m/02_n6y
0000286a5c6a3eb5,/m/035r7c
0000286a5c6a3eb5,/m/039xj_
0000286a5c6a3eb5,/m/03q69
0000286a5c6a3eb5,/m/04rky
0000286a5c6a3eb5,/m/04yx4
0000286a5c6a3eb5,/m/07mhn
0000286a5c6a3eb5,/m/09j2d
0000286a5c6a3eb5,/m/09j5n
0000286a5c6a3eb5,/m/0dzct
0000286a5c6a3eb5,/m/0dzf4
0000286a5c6a3eb5,/m/0h8mhzd
0000286a5c6a3eb5,/m/0k0pj
0000286a5c6a3eb5,/m/0k65p
00002b368e91b947,/m/014sv8
00002b368e91b947,/m/017ftj
00002b368e91b947,/m/01cmb2
00002b368e91b947,/m/01g317
00002b368e91b947,/m/01llwg
00002b368e91b947,/m/0283dt1
00002b368e91b947,/m/02dl1y
00002b368e91b947,/m/02p0tk3
00002b368e91b947,/m/02wv6h6
00002b368e91b947,/m/035r7c
00002b368e91b947,/m/039xj_
00002b368e91b947,/m/03bt1vf
00002b368e91b947,/m/04hgtk
00002b368e91b947,/m/04rky
00002b368e91b947,/m/05r655
00002b368e91b947,/m/07mhn
00002b368e91b947,/m/080hkjn
00002b368e91b947,/m/09j2d
00002b368e91b947,/m/09j5n
00002b368e91b947,/m/0dzct
00002b368e91b947,/m/0dzf4
00002b368e91b947,/m/0fly7
00002b368e91b947,/m/0jyfg
00002b368e91b947,/m/0k0pj
00002b368e91b947,/m/0k65p
00002f4ff380c64c,/m/0199g
00002f4ff380c64c,/m/019jd
00002f4ff380c64c,/m/01bqk0
00002f4ff380c64c,/m/01fdzj
00002f4ff380c64c,/m/01prls
00002f4ff380c64c,/m/01rzcn
00002f4ff380c64c,/m/05s2s
00002f4ff380c64c,/m/07j7r
00002f4ff380c64c,/m/07yv9
00002f4ff380c64c,/m/083wq
00002f4ff380c64c,/m/0d4v4
00002f4ff380c64c,/m/0h2r6
00002f4ff380c64c,/m/0h9mv
0000313e5dccf13b,/m/01g317
0000313e5dccf13b,/m/01xygc
0000313e5dccf13b,/m/0283dt1
0000313e5dccf13b,/m/02h19r
0000313e5dccf13b,/m/02p0tk3
0000313e5dccf13b,/m/032b3c
0000313e5dccf13b,/m/035r7c
0000313e5dccf13b,/m/03bt1vf
0000313e5dccf13b,/m/03q69
0000313e5dccf13b,/m/04hgtk
0000313e5dccf13b,/m/07mhn
0000313e5dccf13b,/m/09j2d
0000313e5dccf13b,/m/09j5n
0000313e5dccf13b,/m/0dzct
0000313e5dccf13b,/m/0dzf4
0000313e5dccf13b,/m/0fly7
0000313e5dccf13b,/m/0k65p
000032046c3f8371,/m/02wbm
000032046c3f8371,/m/03_wxk
000032046c3f8371,/m/04brg2
000032046c3f8371,/m/04kkgm
000032046c3f8371,/m/06nwz
000032046c3f8371,/m/0f4s2w
00003223e04e2e66,/m/01b638
00003223e04e2e66,/m/01bl7v
00003223e04e2e66,/m/01g317
00003223e04e2e66,/m/02p0tk3
00003223e04e2e66,/m/032b3c
00003223e04e2e66,/m/035r7c
00003223e04e2e66,/m/04rky
00003223e04e2e66,/m/05s2s
00003223e04e2e66,/m/07j7r
00003223e04e2e66,/m/07mhn
00003223e04e2e66,/m/09j5n
0000333f08ced1cd,/m/025dyy
000033469fb48bc1,/m/014sv8
000033469fb48bc1,/m/01bl7v
000033469fb48bc1,/m/01g317
000033469fb48bc1,/m/01n4qj
000033469fb48bc1,/m/0283dt1
000033469fb48bc1,/m/02p0tk3
000033469fb48bc1,/m/035r7c
000033469fb48bc1,/m/039xj_
000033469fb48bc1,/m/03q69
000033469fb48bc1,/m/04hgtk
000033469fb48bc1,/m/04rky
000033469fb48bc1,/m/04yx4
000033469fb48bc1,/m/07mhn
000033469fb48bc1,/m/09j2d
000033469fb48bc1,/m/0dzct
000033469fb48bc1,/m/0dzf4
000033469fb48bc1,/m/0fly7
000033469fb48bc1,/m/0gjkl
000033469fb48bc1,/m/0k65p
0000339d0372e7e6,/m/017ftj
0000339d0372e7e6,/m/01g317
0000339d0372e7e6,/m/0283dt1
0000339d0372e7e6,/m/02_n6y
0000339d0372e7e6,/m/02p0tk3
0000339d0372e7e6,/m/04yx4
0000339d0372e7e6,/m/079cl
0000339d0372e7e6,/m/07j7r
0000339d0372e7e6,/m/0cgh4
0000339d0372e7e6,/m/0dzct
0000339d0372e7e6,/m/0dzf4
0000339d0372e7e6,/m/0jyfg
0000339d0372e7e6,/m/0k0pj
0000339d0372e7e6,/m/0k65p
0000375a83c19042,/m/05s2s
0000375a83c19042,/m/07j7r
0000375a83c19042,/m/0c9ph5
000037c2dd414b46,/m/07j7r
000037c2dd414b46,/m/07yv9
000037c2dd414b46,/m/0k4j
000037c2dd414b46,/m/0138tl
000037c2dd414b46,/m/01g317
000037c2dd414b46,/m/01prls
000037c2dd414b46,/m/083wq
000037c2dd414b46,/m/0cgh4
000037c2dd414b46,/m/0h9mv
00003bfccf5f36c2,/m/01g317
00003bfccf5f36c2,/m/01jfsr
00003bfccf5f36c2,/m/01mzpv
00003bfccf5f36c2,/m/04bcr3
00003bfccf5f36c2,/m/07j7r
00003bfccf5f36c2,/m/0c_jw
00003bfccf5f36c2,/m/0cgh4
00003bfccf5f36c2,/m/0d4v4
00003d63a4839019,/m/05s2s
00003d63a4839019,/m/07j7r
00003e2837c7b728,/m/011q46kg
00003e2837c7b728,/m/014sv8
00003e2837c7b728,/m/01g317
00003e2837c7b728,/m/0283dt1
00003e2837c7b728,/m/02p0tk3
00003e2837c7b728,/m/032b3c
00003e2837c7b728,/m/035r7c
00003e2837c7b728,/m/03bt1vf
00003e2837c7b728,/m/04bcr3
00003e2837c7b728,/m/04hgtk
00003e2837c7b728,/m/04rky
00003e2837c7b728,/m/05r655
00003e2837c7b728,/m/05s2s
00003e2837c7b728,/m/0bt_c3
00003e2837c7b728,/m/0c9ph5
00003e2837c7b728,/m/0c_jw
00003e2837c7b728,/m/0dzct
00003e2837c7b728,/m/0k0pj
00003e2837c7b728,/m/0k65p
00003e7c13af160c,/m/05s2s
00003e7c13af160c,/m/07j7r
0000418f7ade0445,/m/01d40f
0000418f7ade0445,/m/01g317
0000418f7ade0445,/m/02p0tk3
0000418f7ade0445,/m/03q69
0000418f7ade0445,/m/04hgtk
0000418f7ade0445,/m/080hkjn
0000418f7ade0445,/m/09j2d
0000418f7ade0445,/m/0dzct
0000418f7ade0445,/m/0dzf4
0000418f7ade0445,/m/0hf58v5
0000418f7ade0445,/m/0k65p
0000432bf1241812,/m/01g317
0000432bf1241812,/m/01j51
0000432bf1241812,/m/04rky
0000432bf1241812,/m/05s2s
0000432bf1241812,/m/07j7r
0000432bf1241812,/m/0d4v4
000045257f66b9e2,/m/01bl7v
000045257f66b9e2,/m/01g317
000045257f66b9e2,/m/025rp__
000045257f66b9e2,/m/02dl1y
000045257f66b9e2,/m/02fq_6
000045257f66b9e2,/m/02p0tk3
000045257f66b9e2,/m/02wbtzl
000045257f66b9e2,/m/035r7c
000045257f66b9e2,/m/03bt1vf
000045257f66b9e2,/m/03q69
000045257f66b9e2,/m/04hgtk
000045257f66b9e2,/m/04rky
000045257f66b9e2,/m/04yx4
000045257f66b9e2,/m/05s2s
000045257f66b9e2,/m/07mhn
000045257f66b9e2,/m/09j2d
000045257f66b9e2,/m/09j5n
000045257f66b9e2,/m/0fly7
000045257f66b9e2,/m/0jyfg
0000452673e346d2,/m/01prls
0000452673e346d2,/m/03jm5
0000452673e346d2,/m/07j7r
000046611bd6b353,/m/07j7r
000046611bd6b353,/m/01prls
000046611bd6b353,/m/03jm5
000046611bd6b353,/m/07yv9
000046611bd6b353,/m/0d4v4
000046611bd6b353,/m/0k4j
00004668fd1ee4e7,/m/05s2s
00004668fd1ee4e7,/m/07j7r
00004668fd1ee4e7,/m/0d4v4
00004b19ca2c952f,/m/01bfm9
00004b19ca2c952f,/m/01g317
00004b19ca2c952f,/m/01j51
00004b19ca2c952f,/m/01n4qj
00004b19ca2c952f,/m/01nq26
00004b19ca2c952f,/m/0283dt1
00004b19ca2c952f,/m/02dl1y
00004b19ca2c952f,/m/02fq_6
00004b19ca2c952f,/m/02p0tk3
00004b19ca2c952f,/m/035r7c
00004b19ca2c952f,/m/03bt1vf
00004b19ca2c952f,/m/03fp41
00004b19ca2c952f,/m/04yx4
00004b19ca2c952f,/m/07mhn
00004b19ca2c952f,/m/09j2d
00004b19ca2c952f,/m/09j5n
00004b19ca2c952f,/m/0d4v4
00004b19ca2c952f,/m/0fly7
00004b19ca2c952f,/m/0k65p
00004b3f43deb627,/m/05s2s
00004b3f43deb627,/m/07j7r
00004c0084725c43,/m/01lynh
00004c0084725c43,/m/02dgv
00004c0084725c43,/m/035r7c
00004c0084725c43,/m/09j2d
00004c0084725c43,/m/0cgh4
00004c0084725c43,/m/0d4v4
00004c0084725c43,/m/0h8l4fh
00004fd8760d4346,/m/03jm5
00004fd8760d4346,/m/07j7r
00004fd8760d4346,/m/0cdl1
00004fd8760d4346,/m/0cgh4
00004fd8760d4346,/m/0djtd
0000530c47410921,/m/0138tl
0000530c47410921,/m/015p6
